path,group,duration_s,bpm,rms_db,rms_p90_db,centroid_hz,onset,low_ratio,error
ProgressiveHouse/001 - Alex O'Rion - Flow [Meanwhile] - 2026.mp3,new,359.9,120.0,-12.06,-5.77,1880.0,1.694,0.6085,
ProgressiveHouse/002 - Alex O'Rion - The Singing Grove (Original Mix) [Movement Recordings] - 2025.mp3,new,477.1,122.0,-12.33,-6.44,2874.0,1.824,0.7426,
ProgressiveHouse/003 - Analog Jungs - Future Frequency (Extended Mix) - 2025.mp3,new,450.6,122.0,-10.88,-5.47,1829.0,2.154,0.6978,
"ProgressiveHouse/004 - Cid Inc., Dmitry Molosh - Aquamarine - 2026.mp3",new,512.3,122.0,-10.98,-6.55,2343.0,2.26,0.5983,
ProgressiveHouse/005 - Dmitry Molosh - Bird Flight [Proton Music] - 2026.mp3,new,452.1,120.0,-9.73,-5.4,2280.0,2.346,0.9032,
ProgressiveHouse/006 - Dosem - Levitize (Extended Mix) - 2026.mp3,new,377.0,125.0,-10.84,-5.82,2087.0,1.344,0.7237,
"ProgressiveHouse/007 - Durante, Mayro - Mantra (Extended Mix) - 2026.mp3",new,389.1,124.0,-8.97,-4.33,2633.0,2.22,0.6375,
ProgressiveHouse/008 - Ezequiel Arias - Perfect Dream (Extended Mix) - 2025.mp3,new,412.0,124.0,-11.35,-6.8,2833.0,2.053,0.5814,
ProgressiveHouse/009 - Ezequiel Arias - Psychodelia (Extended Mix) - 2026.mp3,new,388.3,125.0,-8.68,-6.6,2711.0,1.646,0.7339,
ProgressiveHouse/010 - Fauxplay & Anthony Pappa - Forever Seeking - 2026.mp3,new,466.7,124.1,-9.45,-5.98,2416.0,1.918,0.7348,
ProgressiveHouse/011 - Gai Barone & Luke Brancaccio - Bedrocking - 2025.mp3,new,366.0,122.0,-12.37,-7.69,2780.0,1.779,0.637,
ProgressiveHouse/012 - Gai Barone - Limbic (Extended Mix) [Univack] - 2026.mp3,new,475.1,122.0,-11.05,-6.94,1701.0,1.762,0.5955,
ProgressiveHouse/013 - Guy J - Rise [Global Underground] - 2026.mp3,new,511.7,122.0,-12.94,-6.94,2039.0,2.02,0.4708,
ProgressiveHouse/014 - Guy Mantzur & Khen - Where is Home (Original Mix) [Official Audio] - 2022.mp3,new,428.1,122.0,-11.4,-5.75,2660.0,2.139,0.7996,
ProgressiveHouse/015 - HAFT - Distant Blue (Extended Mix) - 2026.mp3,new,433.6,124.1,-10.44,-5.79,2309.0,2.768,0.7909,
ProgressiveHouse/016 - Jeremy Olander - Stylus - 2025.mp3,new,513.0,126.0,-9.99,-5.24,2265.0,2.119,0.7517,
"ProgressiveHouse/017 - John Digweed, Nick Muir, & Spencer Brown - Relentless (Extended Mix) - 2025.mp3",new,579.0,126.0,-9.7,-6.4,1985.0,1.827,0.7685,
ProgressiveHouse/018 - Juan Deminicis - Samhadi (Original Mix) - 2022.mp3,new,385.0,121.0,-12.56,-6.38,2229.0,2.379,0.7655,
ProgressiveHouse/019 - Kamilo Sanclemente - Parallel Moon - 2026.mp3,new,517.1,123.0,-10.52,-5.5,2215.0,2.043,0.7909,
ProgressiveHouse/020 - Kasey Taylor & Jamie Stevens - Hocu Pocu - 2026.mp3,new,503.2,123.0,-10.31,-6.1,2452.0,1.706,0.8688,
"ProgressiveHouse/021 - Lost Miracle, Sébastien Léger, Roy Rosenfeld - Guarana (Extended Mix) - 2025.mp3",new,441.7,122.1,-13.71,-7.28,2830.0,1.899,0.5724,
ProgressiveHouse/022 - Mariano Mellino - Poison [Tronic] - 2025.mp3,new,415.3,122.0,-9.65,-5.25,2412.0,1.812,0.8812,
ProgressiveHouse/023 - Matias Chilano - Metamorphosis (Original Mix) [Movement Recordings] - 2025.mp3,new,447.0,122.0,-11.16,-5.92,2503.0,1.549,0.5285,
ProgressiveHouse/024 - Nicholas Van Orton - Raven [Balkan Connection South America] - 2025.mp3,new,461.5,121.0,-10.14,-5.33,2369.0,2.692,0.9277,
ProgressiveHouse/025 - Nick Warren & Nicolas Rada - Fuego (Extended Mix) - 2026.mp3,new,407.0,124.0,-9.5,-5.52,2080.0,2.305,0.7773,
ProgressiveHouse/026 - Nicolas Rada - Glasgow [Meanwhile] - 2025.mp3,new,460.3,122.0,-11.57,-6.16,2528.0,2.469,0.7373,
ProgressiveHouse/027 - Nox Vahn & Marsh - Nemora (Extended Mix) - 2026.mp3,new,382.4,123.0,-11.89,-6.63,2533.0,1.353,0.5883,
ProgressiveHouse/028 - PREMIERE： Nicolas Rada - Riot [Meanwhile] - 2025.mp3,new,420.0,121.0,-14.42,-10.37,2752.0,1.646,0.4956,
"ProgressiveHouse/029 - PREMIERE： Simos Tagias, Roger Martinez - Inner Light (Original Mix) [MEANWHILE RECORDINGS] - 2026.mp3",new,538.2,120.0,-11.26,-5.31,2197.0,1.757,0.5935,
ProgressiveHouse/030 - Paul Deep - Tique - 2026.mp3,new,505.7,123.0,-11.87,-5.58,2265.0,2.184,0.627,
ProgressiveHouse/031 - Premiere： Alex O'Rion & Maze 28 - Glowing Tide - 2025.mp3,new,392.0,120.0,-11.89,-5.28,2695.0,1.898,0.6442,
ProgressiveHouse/032 - Premiere： Guy J - A Moment Of Clarity [Global Underground] - 2025.mp3,new,456.2,123.0,-9.7,-5.33,2528.0,2.165,0.8259,
"ProgressiveHouse/033 - Premiere： Hernan Cattaneo, Mercurio - 2009 [Last Night On Earth] - 2025.mp3",new,505.0,124.0,-11.06,-6.51,2081.0,1.557,0.716,
ProgressiveHouse/034 - Quivver & Dave Seaman - Starship Disco (Extended Mix) - 2026.mp3,new,431.1,125.0,-12.24,-6.19,2097.0,1.91,0.6361,
ProgressiveHouse/035 - Sasha - Hollow Sun 25 (Extended Mix) [Last Night On Earth] - 2026.mp3,new,471.4,127.0,-9.85,-7.04,2407.0,2.16,0.6862,
ProgressiveHouse/036 - Sebastian Sellares - Limbo - 2025.mp3,new,235.9,120.0,-13.0,-7.33,1871.0,2.256,0.4247,
ProgressiveHouse/037 - Simon Vuarambon - Diafana - 2025.mp3,new,453.0,121.0,-8.68,-5.95,2474.0,2.033,0.8393,
ProgressiveHouse/038 - Simos Tagias & Tonaco - Alnilam - 2026.mp3,new,478.1,122.0,-11.42,-5.15,2476.0,1.561,0.5915,
"ProgressiveHouse/039 - Volen Sentir, PROFF - Heidence - 2025.mp3",new,411.2,122.0,-10.97,-6.46,2723.0,2.283,0.7602,
ProgressiveHouse/_played-before/040 - Above & Beyond - Surge (PROFF & Igor Garanin Extended Mix) - 2023.mp3,_played-before,515.5,122.0,-11.93,-6.72,2062.0,1.974,0.5694,
ProgressiveHouse/_played-before/041 - Alex O'Rion & Ezequiel Arias - Solis (Original Mix) [Meanwhile] - 2022.mp3,_played-before,376.2,120.0,-13.55,-6.11,2460.0,1.976,0.5907,
ProgressiveHouse/_played-before/042 - Alex O'Rion - Echium (Original Mix) [meanwhile] - 2021.mp3,_played-before,468.3,120.0,-13.35,-6.43,2153.0,1.783,0.5752,
ProgressiveHouse/_played-before/043 - Aman Anand & Frankie Vertigo - Can't Stop [Gai Barone Extended Remix] [BEST PROGRESSIVE HOUSE] - 2026.mp3,_played-before,449.8,122.0,-11.62,-4.75,2639.0,2.068,0.7492,
ProgressiveHouse/_played-before/044 - Andrea Cassino & Greenage： Losing Part Of Me (Dmitry Molosh Remix) - 2020.mp3,_played-before,516.0,121.0,-14.03,-7.09,2282.0,2.393,0.8032,
ProgressiveHouse/_played-before/045 - Argy & Goom Gum - Pantheon [Extended Mix] - 2023.mp3,_played-before,382.4,120.0,-12.03,-6.21,2349.0,1.235,0.705,
ProgressiveHouse/_played-before/046 - BluePaper - Azimuth (Extended Mix) - 2023.mp3,_played-before,412.6,121.1,-13.66,-9.01,2424.0,1.84,0.4462,
ProgressiveHouse/_played-before/047 - Bondarev - Remote Control (HAFT Remix) [WARPP] - 2025.mp3,_played-before,375.6,123.0,-11.21,-6.43,2278.0,2.758,0.8696,
ProgressiveHouse/_played-before/048 - Brian Creao - Hierofante (Original Mix) - 2026.mp3,_played-before,365.9,122.0,-11.07,-5.38,2356.0,2.151,0.7062,
ProgressiveHouse/_played-before/049 - Brian Creao - Temperance (Juan Ibañez Remix) - 2026.mp3,_played-before,401.3,122.0,-10.54,-5.54,2493.0,2.007,0.7923,
ProgressiveHouse/_played-before/050 - Dosem - On Board - 2018.mp3,_played-before,443.1,123.0,-10.62,-5.5,2411.0,1.416,0.8485,
ProgressiveHouse/_played-before/051 - Durante - Never B Alone (Extended Mix) - 2025.mp3,_played-before,470.6,123.0,-9.09,-4.46,2734.0,2.316,0.6319,
ProgressiveHouse/_played-before/052 - Echo Daft - Echoes (Original Mix) [Movement Recordings] - 2022.mp3,_played-before,457.0,122.0,-12.11,-7.33,2659.0,1.69,0.8135,
ProgressiveHouse/_played-before/053 - Ezequiel Arias & Sebastian Sellares - Infinity - 2024.mp3,_played-before,408.3,123.0,-11.18,-5.67,2190.0,2.261,0.8483,
ProgressiveHouse/_played-before/054 - FJL - Alter Ego (Original Mix) [Proportion] - 2025.mp3,_played-before,379.1,122.0,-10.01,-4.91,2387.0,2.408,0.7957,
ProgressiveHouse/_played-before/055 - Franco Camiolo - Speculating As Unknown (Echo Daft Remix) - 2022.mp3,_played-before,495.9,122.0,-12.27,-7.39,2657.0,1.692,0.5401,
ProgressiveHouse/_played-before/056 - Gai Barone - Shuttered (Original Mix) - 2025.mp3,_played-before,193.5,122.0,-14.97,-9.87,2318.0,2.098,0.4005,
"ProgressiveHouse/_played-before/057 - Grance (BR), Soulmac - Happy Incident (Ale Russo Remix) - 2024.mp3",_played-before,431.9,120.0,-15.76,-11.21,2411.0,2.312,0.8,
ProgressiveHouse/_played-before/058 - Guy J - Element [Global Underground] - 2025.mp3,_played-before,472.4,123.0,-11.12,-6.66,2358.0,2.474,0.8544,
ProgressiveHouse/_played-before/059 - Guy J - Stranger In A Strange World - 2025.mp3,_played-before,457.6,122.0,-10.62,-5.84,2352.0,1.744,0.7321,
ProgressiveHouse/_played-before/060 - HAFT - Flow (Original Mix) Meanwhile Horizons - 2025.mp3,_played-before,448.7,122.0,-11.63,-5.86,2339.0,2.395,0.7589,
ProgressiveHouse/_played-before/061 - HIGHLITE – Caravan (Original Mix) [HL006] - 2020.mp3,_played-before,386.8,121.2,-13.24,-6.44,2936.0,2.083,0.6922,
ProgressiveHouse/_played-before/062 - Hernan Cattaneo & Mercurio - Diluted (Extended Mix) [Mango Alley] - 2026.mp3,_played-before,408.6,121.0,-11.08,-5.47,2355.0,1.965,0.6479,
ProgressiveHouse/_played-before/063 - Hexlogic - Pulse [Silk Music] - 2017.mp3,_played-before,350.3,122.2,-10.35,-8.57,1590.0,1.731,0.8208,
"ProgressiveHouse/_played-before/064 - Ilias Katelanos, Plecta - Asphodel (Original Mix) - 2024.mp3",_played-before,390.5,123.0,-11.14,-5.52,2968.0,2.294,0.7271,
ProgressiveHouse/_played-before/065 - K Loveski & Geronimo Eguiguren - Kamikaze (Simos Tagias Remix) [Clubsonica Records] - 2023.mp3,_played-before,425.0,122.0,-12.79,-5.72,1896.0,1.711,0.5633,
ProgressiveHouse/_played-before/066 - Kasper Koman - Fruit (Original Mix) - 2022.mp3,_played-before,480.1,122.0,-13.69,-6.66,2516.0,2.176,0.5871,
ProgressiveHouse/_played-before/067 - Kasper Koman - Hi - 2018.mp3,_played-before,483.6,120.0,-11.44,-7.44,2149.0,2.224,0.7762,
ProgressiveHouse/_played-before/068 - Khen - Babylon - 2024.mp3,_played-before,446.0,122.0,-11.09,-5.1,2543.0,2.877,0.8432,
ProgressiveHouse/_played-before/069 - Khen - Lyup - 2025.mp3,_played-before,507.6,122.0,-12.59,-7.9,2380.0,2.467,0.7354,
ProgressiveHouse/_played-before/070 - Khen - Out Of A Dream - 2020.mp3,_played-before,485.5,121.0,-12.12,-5.97,2551.0,2.87,0.7193,
"ProgressiveHouse/_played-before/071 - Kolsch - All That Matters (ARTBAT remix), Official Video - 2023.mp3",_played-before,524.5,125.0,-11.91,-6.01,2880.0,1.284,0.627,
"ProgressiveHouse/_played-before/072 - Krasa Rosa, M.O.S. - We Are Kids (ABGT550) - 2023.mp3",_played-before,328.5,124.0,-11.95,-8.19,2684.0,2.073,0.8428,
ProgressiveHouse/_played-before/073 - MAX WEXEM Override - 2026.mp3,_played-before,476.1,121.0,-10.79,-6.01,2716.0,1.921,0.7865,
ProgressiveHouse/_played-before/074 - MAZE 28 Eureka - 2024.mp3,_played-before,483.3,122.0,-12.19,-7.24,2311.0,1.588,0.5503,
ProgressiveHouse/_played-before/075 - Mayro - Tactical (4K Music Video) [SkyTop] - 2021.mp3,_played-before,239.1,122.0,-10.22,-4.94,2195.0,2.181,0.7219,
ProgressiveHouse/_played-before/076 - Melodiam (AR) – Words Are Weapons (Maze 28 Remix) [onedotsixtwo] - 2024.mp3,_played-before,518.7,122.0,-11.97,-6.19,2442.0,1.673,0.7094,
ProgressiveHouse/_played-before/077 - Mike Rish - The Quest (Kabi Remix) - 2022.mp3,_played-before,474.0,122.0,-11.04,-5.98,2353.0,2.516,0.8102,
ProgressiveHouse/_played-before/078 - Nicholas Van Orton - Groovelow [Balkan Connection South America] - 2026.mp3,_played-before,424.0,122.0,-11.61,-6.79,2149.0,2.461,0.7873,
ProgressiveHouse/_played-before/079 - Nox Vahn - Brainwasher (Warung Remix) - 2021.mp3,_played-before,380.5,123.0,-10.59,-6.24,2739.0,1.927,0.7319,
ProgressiveHouse/_played-before/080 - PREMIERE： Bondarev - Meteora (Cosmonaut Remix) [WARPP] - 2024.mp3,_played-before,450.0,122.0,-13.6,-7.57,2372.0,1.671,0.6965,
"ProgressiveHouse/_played-before/081 - PREMIERE： Callecat, Nick Varon - Beyond Perceptions (Hernan Cattaneo & Jamie Stevens Remix) [Manual] - 2024.mp3",_played-before,475.0,123.0,-11.23,-5.86,2681.0,2.07,0.8373,
ProgressiveHouse/_played-before/082 - PREMIERE： Dmitry Molosh - Dreaming (Original Mix) [Protagonist Recordings] - 2025.mp3,_played-before,448.8,123.0,-10.54,-5.7,2356.0,1.984,0.8329,
ProgressiveHouse/_played-before/083 - PREMIERE： Simos Tagias - Strange to Ourselves (Tonaco Remix) [Vapour Recordings] - 2024.mp3,_played-before,461.8,121.0,-12.52,-6.31,2456.0,1.832,0.8113,
ProgressiveHouse/_played-before/084 - PREMIERE： Sunar - Desert Rose (Molac Remix) [Songuara] - 2024.mp3,_played-before,415.7,123.0,-12.29,-6.58,2327.0,2.396,0.7222,
ProgressiveHouse/_played-before/085 - PROFF - Snowflake (ABGT584) - 2024.mp3,_played-before,290.4,122.1,-16.25,-10.02,1722.0,1.477,0.7216,
"ProgressiveHouse/_played-before/086 - PROFF, M.O.S. - Namtso (ABGT602) - 2024.mp3",_played-before,343.2,123.0,-13.56,-7.42,2085.0,1.848,0.5748,
ProgressiveHouse/_played-before/087 - Premiere： HAFT - Kaleidoscope (Maze 28 & EMPHI Remix) [Movement Recordings] - 2026.mp3,_played-before,406.0,121.0,-9.03,-5.57,2057.0,2.287,0.8566,
ProgressiveHouse/_played-before/088 - RIGOONI - Petrichor - 2021.mp3,_played-before,466.2,120.0,-15.54,-8.09,2929.0,1.998,0.6765,
ProgressiveHouse/_played-before/089 - RIGOONI - When Midnight Comes (Alex O'Rion Remix) - 2020.mp3,_played-before,520.1,120.0,-12.31,-6.0,2800.0,2.118,0.7481,
ProgressiveHouse/_played-before/090 - Rafa Polo — The Sands - 2025.mp3,_played-before,366.0,122.0,-13.32,-7.14,2485.0,1.877,0.5522,
ProgressiveHouse/_played-before/091 - Ric Niels - Ikigai (Original Mix) [The Soundgarden] - 2022.mp3,_played-before,492.0,121.0,-12.33,-5.87,2713.0,2.049,0.6543,
ProgressiveHouse/_played-before/092 - SHAMUËL - Zen Beach (Original Mix) - 2026.mp3,_played-before,394.5,119.0,-15.24,-9.19,2787.0,2.544,0.7642,
ProgressiveHouse/_played-before/093 - Sebastian Sellares - Timeless Era - 2024.mp3,_played-before,224.5,122.0,-12.63,-5.84,2773.0,1.743,0.5104,
ProgressiveHouse/_played-before/094 - Sebastien Leger - Ariana (Original Mix) [Lost Miracle] - 2023.mp3,_played-before,489.9,122.0,-9.54,-4.53,2723.0,2.246,0.7114,
"ProgressiveHouse/_played-before/095 - Serious Dancers, Tim Green - Callahan (Tim Green Edit) - 2023.mp3",_played-before,569.2,122.0,-12.51,-7.13,2922.0,2.259,0.7822,
ProgressiveHouse/_played-before/096 - Shai T - Gates of Thēbai (Original Mix) [DO NOT SIT ON THE FURNITURE RECORDINGS] - 2021.mp3,_played-before,413.2,122.0,-12.1,-7.9,2447.0,1.688,0.5636,
ProgressiveHouse/_played-before/097 - Simon Vuarambon - Lazos - 2021.mp3,_played-before,516.4,120.0,-11.65,-5.87,2402.0,2.349,0.7987,
"ProgressiveHouse/_played-before/098 - Soul Engineers, Broken Adam - Kalkan (Extended Mix) - 2024.mp3",_played-before,491.0,122.0,-13.06,-7.08,2252.0,2.076,0.5928,
ProgressiveHouse/_played-before/099 - Teklix - Alchemist (Original Mix) [Outta Limits] - 2022.mp3,_played-before,460.6,123.0,-13.06,-9.12,2778.0,1.829,0.473,
ProgressiveHouse/_played-before/100 - Tim Green - To Know Nothing - 2020.mp3,_played-before,511.8,121.0,-13.99,-7.34,2808.0,1.767,0.755,
ProgressiveHouse/_played-before/101 - Way Out West - Future Perfect (Henry Saiz Mix) - 2014.mp3,_played-before,602.0,126.0,-11.2,-7.68,2184.0,1.754,0.7617,
ProgressiveHouse/_played-before/102 - Weird Sounding Dude - Hyper Dream (ABGT457) - 2021.mp3,_played-before,379.6,121.0,-13.81,-8.56,2217.0,1.775,0.4497,
